,Unnamed: 0,Date,Title,Subjectivity,Objectivity,Positive,Neutral,Negative
0,0.0,2019-11,Pete Buttigieg joins top tier of candidates in new Iowa poll,100.0,0.0,100.0,0.0,0.0
1,1.0,2019-11,Chaotic aftermath of Alibaba's Singles' Day selling $38 billion,,,,,
2,2.0,2019-11,Mark Sanford suspends 2020 presidential campaign,,,,,
3,3.0,2019-11,The Simpsons aspect ratio is messed up on Disney+,,,,,
4,4.0,2019-11,Windows 10 November 2019 Update is now available as more of a service pack,,,,,
5,5.0,2019-11,The Mandalorian (and Mistakes) Kick Off Disney+ Entry to Streaming,,,,,
6,6.0,2019-11,Facebook pilloried over iPhone secret camera access bug,,,,,
7,7.0,2019-11,Trump administration tells Supreme Court it owns termination of DACA program,,,,,
8,8.0,2019-11,"Trump rails on Fed, notes other countries have negative rates: 'Give me some of that money'",,,,,
9,9.0,2019-11,Israel-Gaza violence spirals after killing of top Palestinian militant,,,,,
10,10.0,2019-11,Thermonuclear Explosion in Sagittarius Constellation Is One of the Brightest Ever Recorded,,,,,
11,11.0,2019-11,Mulvaney will not pursue court fight over subpoena,,,,,
12,12.0,2019-11,College Basketball Rankings: James Wiseman and Memphis to face Oregon in matchup of Top 25 And 1 teams,,,,,
13,13.0,2019-11,"In protest-wracked Hong Kong, doubts over election loom as new flash point",,,,,
14,14.0,2019-11,Top health official defends federal contract payments to Trump allies | TheHill,,,,,
15,15.0,2019-11,"Early Black Friday Costco deals: MacBook Pro, TCL 4K HDR TVs, and more",,,,,
16,16.0,2019-11,Prince Harry gets support from Prince Albert over British tabloid media complaints,,,,,
17,17.0,2019-11,"Bolivia ex-leader claims to have spent night after resigning lying on floor under blanket, lands in Mexico",,,,,
18,18.0,2019-11,Meteor lights up the sky over the Gateway Arch in St. Louis,,,,,
19,19.0,2019-11,Cyberattack hits Labour Party ahead of election,,,,,
21,,,"Pete Buttigieg joins top tier of candidates in new Iowa pollChaotic aftermath of Alibaba's Singles' Day selling $38 billionMark Sanford suspends 2020 presidential campaignThe Simpsons aspect ratio is messed up on Disney+Windows 10 November 2019 Update is now available as more of a service packThe Mandalorian (and Mistakes) Kick Off Disney+ Entry to StreamingFacebook pilloried over iPhone secret camera access bugTrump administration tells Supreme Court it owns termination of DACA programTrump rails on Fed, notes other countries have negative rates: 'Give me some of that money'Israel-Gaza violence spirals after killing of top Palestinian militantThermonuclear Explosion in Sagittarius Constellation Is One of the Brightest Ever RecordedMulvaney will not pursue court fight over subpoenaCollege Basketball Rankings: James Wiseman and Memphis to face Oregon in matchup of Top 25 And 1 teamsIn protest-wracked Hong Kong, doubts over election loom as new flash pointTop health official defends federal contract payments to Trump allies | TheHillEarly Black Friday Costco deals: MacBook Pro, TCL 4K HDR TVs, and morePrince Harry gets support from Prince Albert over British tabloid media complaintsBolivia ex-leader claims to have spent night after resigning lying on floor under blanket, lands in MexicoMeteor lights up the sky over the Gateway Arch in St. LouisCyberattack hits Labour Party ahead of election",,,,,
